device_id,hall,level,status,signed_by,signed_date,evidence_ref
101,DH1,L1,closed,Vendor/CxA,2026-06-15,CX-DH1-101-L1
101,DH1,L2,closed,Contractor/CxA,2026-07-20,CX-DH1-101-L2
101,DH1,L3,closed,Vendor/CxA,2026-08-24,CX-DH1-101-L3
101,DH1,L4,closed,CxA/Owner,2026-09-21,CX-DH1-101-L4
102,DH1,L1,closed,Vendor/CxA,2026-06-15,CX-DH1-102-L1
102,DH1,L2,closed,Contractor/CxA,2026-07-20,CX-DH1-102-L2
102,DH1,L3,closed,Vendor/CxA,2026-08-24,CX-DH1-102-L3
102,DH1,L4,closed,CxA/Owner,2026-09-21,CX-DH1-102-L4
103,DH1,L1,closed,Vendor/CxA,2026-06-15,CX-DH1-103-L1
103,DH1,L2,closed,Contractor/CxA,2026-07-20,CX-DH1-103-L2
103,DH1,L3,closed,Vendor/CxA,2026-08-24,CX-DH1-103-L3
103,DH1,L4,closed,CxA/Owner,2026-09-21,CX-DH1-103-L4
104,DH1,L1,closed,Vendor/CxA,2026-06-15,CX-DH1-104-L1
104,DH1,L2,closed,Contractor/CxA,2026-07-20,CX-DH1-104-L2
104,DH1,L3,closed,Vendor/CxA,2026-08-24,CX-DH1-104-L3
104,DH1,L4,closed,CxA/Owner,2026-09-21,CX-DH1-104-L4
105,DH1,L1,closed,Vendor/CxA,2026-06-15,CX-DH1-105-L1
105,DH1,L2,closed,Contractor/CxA,2026-07-20,CX-DH1-105-L2
105,DH1,L3,closed,Vendor/CxA,2026-08-24,CX-DH1-105-L3
105,DH1,L4,closed,CxA/Owner,2026-09-21,CX-DH1-105-L4
106,DH1,L1,closed,Vendor/CxA,2026-06-15,CX-DH1-106-L1
106,DH1,L2,closed,Contractor/CxA,2026-07-20,CX-DH1-106-L2
106,DH1,L3,closed,Vendor/CxA,2026-08-24,CX-DH1-106-L3
106,DH1,L4,closed,CxA/Owner,2026-09-21,CX-DH1-106-L4
107,DH1,L1,closed,Vendor/CxA,2026-06-15,CX-DH1-107-L1
107,DH1,L2,closed,Contractor/CxA,2026-07-20,CX-DH1-107-L2
107,DH1,L3,closed,Vendor/CxA,2026-08-24,CX-DH1-107-L3
107,DH1,L4,closed,CxA/Owner,2026-09-21,CX-DH1-107-L4
201,DH2,L1,closed,Vendor/CxA,2026-06-15,CX-DH2-201-L1
201,DH2,L2,closed,Contractor/CxA,2026-07-20,CX-DH2-201-L2
201,DH2,L3,closed,Vendor/CxA,2026-08-24,CX-DH2-201-L3
201,DH2,L4,closed,CxA/Owner,2026-09-21,CX-DH2-201-L4
202,DH2,L1,closed,Vendor/CxA,2026-06-15,CX-DH2-202-L1
202,DH2,L2,closed,Contractor/CxA,2026-07-20,CX-DH2-202-L2
202,DH2,L3,closed,Vendor/CxA,2026-08-24,CX-DH2-202-L3
202,DH2,L4,closed,CxA/Owner,2026-09-21,CX-DH2-202-L4
203,DH2,L1,closed,Vendor/CxA,2026-06-15,CX-DH2-203-L1
203,DH2,L2,closed,Contractor/CxA,2026-07-20,CX-DH2-203-L2
203,DH2,L3,closed,Vendor/CxA,2026-08-24,CX-DH2-203-L3
203,DH2,L4,closed,CxA/Owner,2026-09-21,CX-DH2-203-L4
204,DH2,L1,closed,Vendor/CxA,2026-06-15,CX-DH2-204-L1
204,DH2,L2,closed,Contractor/CxA,2026-07-20,CX-DH2-204-L2
204,DH2,L3,closed,Vendor/CxA,2026-08-24,CX-DH2-204-L3
204,DH2,L4,closed,CxA/Owner,2026-09-21,CX-DH2-204-L4
205,DH2,L1,closed,Vendor/CxA,2026-06-15,CX-DH2-205-L1
205,DH2,L2,closed,Contractor/CxA,2026-07-20,CX-DH2-205-L2
205,DH2,L3,closed,Vendor/CxA,2026-08-24,CX-DH2-205-L3
205,DH2,L4,closed,CxA/Owner,2026-09-21,CX-DH2-205-L4
206,DH2,L1,closed,Vendor/CxA,2026-06-15,CX-DH2-206-L1
206,DH2,L2,closed,Contractor/CxA,2026-07-20,CX-DH2-206-L2
206,DH2,L3,closed,Vendor/CxA,2026-08-24,CX-DH2-206-L3
206,DH2,L4,closed,CxA/Owner,2026-09-21,CX-DH2-206-L4
207,DH2,L1,closed,Vendor/CxA,2026-06-15,CX-DH2-207-L1
207,DH2,L2,closed,Contractor/CxA,2026-07-20,CX-DH2-207-L2
207,DH2,L3,closed,Vendor/CxA,2026-08-24,CX-DH2-207-L3
207,DH2,L4,closed,CxA/Owner,2026-09-21,CX-DH2-207-L4
301,DH3,L1,closed,Vendor/CxA,2026-06-15,CX-DH3-301-L1
301,DH3,L2,closed,Contractor/CxA,2026-07-20,CX-DH3-301-L2
302,DH3,L1,closed,Vendor/CxA,2026-06-15,CX-DH3-302-L1
302,DH3,L2,open,,,
303,DH3,L1,closed,Vendor/CxA,2026-06-15,CX-DH3-303-L1
303,DH3,L2,closed,Contractor/CxA,2026-07-20,CX-DH3-303-L2
304,DH3,L1,closed,Vendor/CxA,2026-06-15,CX-DH3-304-L1
304,DH3,L2,open,,,
304,DH3,L3,closed,Vendor/CxA,2026-09-28,CX-DH3-304-L3
305,DH3,L1,closed,Vendor/CxA,2026-06-15,CX-DH3-305-L1
305,DH3,L2,closed,Contractor/CxA,2026-07-20,CX-DH3-305-L2
306,DH3,L1,closed,Vendor/CxA,2026-06-15,CX-DH3-306-L1
306,DH3,L2,closed,Contractor/CxA,2026-07-20,CX-DH3-306-L2
307,DH3,L1,closed,Vendor/CxA,2026-06-15,CX-DH3-307-L1
307,DH3,L2,closed,,,CX-DH3-307-L2
